trait,effa,effar,effd,effdr,effk,effkr,h2a,h2ar,h2d,h2dr,h2k,h2kr
asi,1.51675197553455e-31,-0.0165523617563297,0.000755439415705634,-0.00477202687190696,0.225977261087515,-0.00171521997897684,0.00061086325480589,-0.00485435773326001,2.22968718815426e-15,-0.0112303796468881,0.000610856228923938,-0.00485436215788644
dts,2.7616787127797e-06,0.00664073551516723,6.21420404489307e-30,-0.0160994544343812,0.13975700996079,-0.002091911785856,0.00613311656331863,0.00388233649601855,3.10398747138771e-18,-0.0123348575370033,0.00613311656331863,0.00388233649601855
dtp,0.0739786014134529,0.00253113111183577,1.89786648865109e-52,-0.0215877452378446,0.158202467346256,0.00199904777104762,3.77519619761636e-09,0.0083490490791247,7.33535918597143e-15,-0.0110189122819333,3.77519619761636e-09,0.0083490490791247
tw,0.401723310440934,0.00118790055299919,3.51446178233139e-06,-0.00657049295783901,3.32746264194314e-13,-0.0103133167523194,0.0327921636554031,-0.00302393133163633,4.66891348656631e-15,-0.0110995983868622,0.000292317664553857,-0.00513097535578037
pht,2.87434015951285e-16,0.0115853964554606,7.18434033269696e-43,0.0194413598974808,1.34321691291483e-20,0.0131806835113829,0.979077117750414,-3.71521393573086e-05,7.96119996400291e-14,-0.010583195807863,0.681126380719861,-0.00058212570809461
eht,3.70303635382494e-32,0.0167211890217828,1.29084230265709e-18,0.0124749931711566,1.09290722617882e-05,0.00623011698139114,0.000117134316327754,0.00545683712103767,3.29129749882248e-24,-0.0143788591512717,0.000563893155287787,0.00488505158162044
gy,8.54356958869906e-52,0.021448102252802,4.66219855042771e-87,0.0280114968771668,4.65274750518613e-107,0.0311271975370702,0.717395564909995,-0.000512732965770521,3.73823639800553e-23,-0.0140390519649361,1.7996222463593e-07,-0.00739312282430437
