"trait","ybar"
"GY",171.187889848485
"ASI",-0.948827242424242
"DTP",63.2141887878788
"DTS",64.1756507575758
"EHT",105.749051969697
"PHT",224.647639393939
"TW",57.1050562121212
