Traits ,VarG,VarE,Heritability
PHT,9.47E+02,9.96E+01,0.982774
EHT,2.57E+02,6.45E+01,0.959768
DTS,1.15E+01,1.67E+00,0.9763435
DTP,8.25E+00,1.16E+00,0.9771998
ASI,6.42E-01,8.52E-01,0.8189054
GY,1.85E+03,2.49E+02,0.9780531
TW,1.48E+00,1.41E+00,0.8628793